{
    "rasengan": {
      "sounds": [
        "suit/rasengan"
      ],
      "category": "player"
    },
    "chidori": {
      "sounds": [
        "suit/chidori"
      ],
      "category": "player"
    },
      "unleash.rage": {
        "sounds":[
          "suit/"
        ],
        "category": "player"
      },
      "black.whip.anchor": {
        "sounds":[
          "suit/black_whip_anchor"
        ],
        "category": "player"
      },
      "black.whip.unanchor": {
        "sounds":[
          "suit/black_whip_unanchor"
        ],
        "category": "player"
      },
      "black.whip.enable": {
        "sounds":[
          "suit/black_whip_enable"
        ],
        "category": "player"
      },
      "black.whip.disable": {
        "sounds":[
          "suit/black_whip_disable"
        ],
        "category": "player"
      },
      "black.whip.stab.jab": {
        "sounds":[
          "suit/black_whip_stab_jab"
        ],
        "category": "player"
      },
      "oi": {
        "sounds": [
          "suit/oi"
        ],
        "category": "player"
  }
}
